{"f1_score": 0.7542686614548433, "log_loss": 0.4250185172024736, "precision": 0.48484848484848486, "recall": 0.02741290691033695, "roc_auc_score": 0.7046574497824322}